<?xml version="1.0" encoding="UTF-8" standalone="yes"?>
<addon id="plugin.homodaba.movies" name="Homodaba Movies" version="1.0.4" provider-name="moz667">
  <requires>
    <import addon="xbmc.python" version="2.25.0" />
    <import addon="script.module.requests" version="2.22.0" />
  </requires>
  <extension point="xbmc.python.pluginsource" library="addon.py">
    <provides>video</provides>
  </extension>
  <extension point="xbmc.addon.metadata">
    <summary lang="es_ES">Carga los datos de tus peliculas de homodaba en kodi/xbmc</summary>
    <description lang="es_ES">Carga los datos de tus peliculas de homodaba en kodi/xbmc</description>
    <disclaimer lang="es_ES"></disclaimer>
    <language>es</language>
    <platform>all</platform>
    <license>GPL-2.0-or-later</license>
    <forum></forum>
    <website></website>
    <email>moz667@gmail.com</email>
    <source>http://github.com/moz667/homodaba</source>
    <news></news>
    <assets>
        <icon>resources/icon.png</icon>
    </assets>
  </extension>
</addon>